u18,p1
u21,p1
u17,p1
u1,p1
u7,p1
u8,p1
u13,p1
u2,p1
u16,p1
u20,p1
u15,p1
u19,p1
u6,p1
u22,p1
u9,p1
u4,p1
u14,p1
u10,p1
u12,p1
u11,p1
u24,p3
u23,p3
u55,p5
u53,p5
u49,p5
u58,p5
u32,p5
u61,p5
u52,p5
u48,p5
u56,p5
u64,p5
u51,p5
u62,p5
u47,p5
u59,p5
u57,p5
u50,p5
u54,p5
u60,p5
u63,p5
u28,p5
u55,p6
u30,p6
u38,p6
u39,p6
u48,p6
u29,p6
u54,p6
u59,p6
u33,p6
u63,p6
u40,p6
u51,p6
u52,p6
u35,p6
u50,p6
u43,p6
u32,p6
u58,p6
u47,p6
u45,p6
u28,p6
u57,p6
u31,p6
u61,p6
u36,p6
u37,p6
u56,p6
u46,p6
u42,p6
u65,p8
u66,p9
u67,p10
u58,p11
u70,p12
u72,p13
u73,p14
u85,p14
u74,p15
u75,p16
u71,p18
u58,p19
u78,p19
u80,p20
u82,p21
u58,p23
u86,p23
u88,p24
u87,p25
u90,p26
u58,p27
u89,p27
u58,p28
u12,p28
u58,p29
u58,p31
u58,p34
u91,p34
u10,p34
u10,p37
u63,p37
u52,p37
u58,p37
u57,p39
u58,p39
u58,p40
u58,p49
u58,p52
u58,p54
u58,p55
u37,p61
u58,p63
u58,p74
u58,p84
u11,p92
u58,p92
u67,p94
u54,p100
u2,p100
u58,p100
u26,p100
u14,p100
u58,p102
u58,p108
u57,p114
u58,p114
u61,p114
u10,p114
u54,p114
u63,p114
u19,p114
u58,p116
u58,p118
u8,p118
u11,p118
u20,p118
u16,p118
u10,p118
u52,p118
u47,p118
u67,p124
u58,p127
u58,p129
u58,p138
u58,p146
u40,p147
u58,p147
u58,p149
u58,p157
u58,p168
u2,p168
u58,p176
u47,p176
u10,p176
u58,p183
u7,p185
u52,p185
u58,p185
u58,p189
u19,p189
u10,p190
u58,p190
u58,p193
u58,p197
u58,p198
u10,p202
u80,p202
u58,p202
u58,p208
u58,p213
u58,p217
u26,p223
u58,p223
u2,p223
u58,p231
u26,p231
u66,p231
u20,p231
u58,p232
u58,p235
u57,p235
u58,p236
u58,p239
u56,p248
u58,p248
u58,p250
u57,p251
u58,p251
u7,p251
u58,p252
u58,p253
u58,p271
u10,p274
u47,p274
u58,p274
u7,p274
u11,p274
u19,p274
u58,p277
u58,p280
u80,p281
u58,p281
u49,p284
u52,p284
u58,p284
u32,p284
u58,p288
u58,p291
u58,p293
u58,p295
u63,p295
u58,p296
u10,p296
u58,p299
u58,p309
u19,p310
u17,p310
u58,p310
u10,p310
u14,p310
u20,p310
u47,p310
u8,p310
u52,p310
u47,p311
u58,p311
u10,p311
u19,p316
u58,p316
u20,p316
u47,p316
u7,p316
u22,p316
u2,p316
u11,p316
u8,p316
u10,p316
u32,p318
u58,p318
u58,p322
u58,p328
u63,p331
u50,p331
u58,p331
u17,p334
u58,p334
u84,p334
u63,p334
u28,p334
u10,p334
u91,p334
u78,p337
u10,p337
u52,p337
u9,p337
u47,p337
u7,p337
u19,p337
u56,p337
u58,p337
u16,p337
u63,p337
u4,p337
u73,p340
u50,p340
u40,p340
u49,p340
u58,p340
u10,p340
u89,p340
u11,p344
u47,p344
u10,p344
u7,p344
u5,p344
u58,p344
u58,p348
u58,p352
u47,p354
u16,p354
u8,p354
u19,p354
u11,p354
u20,p354
u58,p354
u20,p359
u2,p359
u8,p359
u17,p359
u10,p359
u11,p359
u58,p359
u4,p359
u47,p359
u58,p362
u58,p363
u58,p365
u58,p374
u63,p380
u70,p380
u51,p380
u58,p380
u58,p382
u58,p384
u58,p390
u47,p390
u78,p390
u52,p390
u10,p392
u80,p392
u58,p392
u57,p392
u19,p392
u17,p392
u47,p402
u58,p402
u58,p403
u58,p409
u58,p410
u2,p411
u58,p411
u8,p411
u10,p411
u19,p411
u47,p411
u19,p422
u52,p422
u58,p422
u58,p427
u47,p427
u54,p431
u58,p431
u19,p431
u86,p431
u80,p431
u17,p431
u10,p431
u47,p431
u58,p434
u58,p435
u58,p439
u58,p448
u58,p450
u58,p453
u58,p456
u58,p457
u61,p457
u10,p457
u58,p466
u58,p470
u58,p474
u58,p475
u8,p475
u58,p479
u58,p483
u47,p489
u11,p489
u58,p489
u57,p489
u8,p489
u16,p496
u10,p496
u47,p496
u58,p496
u52,p496
u19,p496
u58,p501
u8,p503
u58,p503
u19,p519
u57,p519
u58,p519
u58,p524
u58,p525
u58,p526
u19,p528
u58,p528
u47,p528
u63,p528
u57,p528
u8,p528
u10,p528
u58,p530
u58,p534
u58,p536
u58,p537
u19,p540
u58,p540
u50,p540
u63,p540
u7,p540
u52,p540
u4,p540
u47,p540
u58,p541
u58,p543
u58,p544
u47,p544
u32,p544
u7,p544
u18,p544
u61,p549
u58,p549
u63,p553
u58,p553
u47,p557
u58,p557
u58,p559
u58,p561
u17,p562
u58,p562
u58,p565
u63,p568
u47,p568
u58,p568
u7,p568
u19,p568
u78,p568
u58,p569
u58,p572
u58,p581
u46,p581
u69,p587
u58,p587
u58,p588
u7,p588
u40,p592
u58,p602
u40,p602
u58,p603
u58,p606
u11,p608
u19,p608
u47,p608
u26,p608
u58,p608
u58,p609
u58,p613
u58,p617
u58,p622
u58,p625
u58,p627
u10,p627
u54,p629
u58,p632
u58,p634
u58,p643
u58,p644
u58,p651
u58,p655
u58,p660
u51,p661
u10,p661
u58,p661
u57,p661
u58,p663
u58,p675
u63,p675
u58,p678
u26,p678
u58,p679
u58,p683
u58,p688
u58,p695
u58,p701
u58,p707
u56,p708
u57,p708
u58,p708
u16,p708
u63,p708
u11,p708
u45,p708
u80,p708
u58,p709
u58,p710
u58,p714
u58,p725
u57,p729
u58,p731
u63,p731
u47,p731
u32,p731
u58,p735
u10,p742
u58,p742
u47,p742
u78,p742
u58,p748
u58,p750
u57,p760
u56,p760
u58,p760
u47,p760
u61,p760
u63,p760
u19,p760
u58,p766
u10,p766
u57,p766
u58,p767
u73,p770
u8,p770
u32,p770
u66,p770
u58,p770
u10,p770
u28,p770
u58,p772
u58,p774
u58,p781
u26,p782
u58,p782
u8,p783
u58,p783
u58,p788
u57,p788
u58,p800
u58,p833
u58,p836
u58,p837
u58,p838
u58,p845
u52,p847
u10,p847
u58,p847
u58,p849
u7,p852
u58,p852
u58,p853
u58,p859
u58,p860
u58,p862
u58,p864
u28,p864
u58,p867
u80,p867
u19,p868
u58,p868
u58,p872
u58,p878
u58,p882
u58,p889
u58,p891
u58,p897
u58,p900
u58,p905
u10,p907
u7,p907
u19,p907
u58,p907
u73,p914
u58,p921
u58,p924
u80,p931
u86,p931
u26,p931
u58,p931
u50,p934
u58,p937
u52,p937
u80,p940
u56,p940
u10,p940
u47,p940
u58,p940
u63,p940
u71,p940
u26,p940
u58,p955
u58,p958
u58,p961
u58,p964
u11,p966
u8,p966
u58,p966
u58,p972
u58,p977
u56,p977
u54,p977
u58,p982
u57,p982
u58,p986
u58,p992
u58,p993
u58,p995
u52,p1005
u58,p1007
u58,p1008
u58,p1017
u10,p1018
u51,p1018
u58,p1018
u57,p1018
u52,p1018
u56,p1018
u8,p1018
u54,p1018
u32,p1018
u80,p1018
u58,p1019
u57,p1022
u58,p1022
u47,p1022
u26,p1022
u58,p1028
u80,p1028
u47,p1036
u58,p1036
u17,p1036
u26,p1036
u8,p1036
u13,p1041
u73,p1041
u58,p1041
u58,p1042
u58,p1043
u47,p1043
u54,p1055
u10,p1055
u58,p1055
u58,p1056
u43,p1060
u56,p1060
u52,p1060
u58,p1060
u48,p1060
u47,p1060
u57,p1060
u51,p1060
u32,p1060
u63,p1060
u31,p1060
u58,p1069
u7,p1070
u58,p1074
u58,p1077
u58,p1081
u54,p1085
u52,p1085
u58,p1085
u47,p1085
u57,p1088
u7,p1088
u2,p1088
u58,p1088
u51,p1088
u47,p1088
u11,p1091
u58,p1091
u47,p1091
u10,p1091
u8,p1091
u58,p1093
u58,p1097
u37,p1101
u58,p1101
u47,p1107
u10,p1107
u58,p1107
u79,p1107
u58,p1111
u58,p1113
u58,p1115
u52,p1122
u58,p1122
u47,p1122
u58,p1124
u7,p1129
u8,p1129
u20,p1129
u58,p1129
u11,p1129
u84,p1137
u58,p1137
u58,p1139
u10,p1142
u58,p1142
u58,p1151
u58,p1153
u58,p1154
u58,p1161
u58,p1173
u47,p1182
u58,p1182
u58,p1187
u58,p1196
u58,p1199
u52,p1199
u58,p1200
u58,p1207
u58,p1214
u13,p1216
u58,p1216
u58,p1226
u52,p1226
u52,p1229
u73,p1229
u47,p1229
u63,p1229
u11,p1229
u19,p1229
u58,p1229
u8,p1229
u57,p1229
u89,p1229
u24,p1229
u58,p1233
u58,p1234
u58,p1258
u58,p1267
u57,p1273
u54,p1273
u51,p1273
u53,p1273
u58,p1273
u58,p1274
u58,p1275
u58,p1279
u58,p1282
u80,p1285
u58,p1285
u52,p1285
u11,p1285
u58,p1287
u58,p1290
u58,p1297
u47,p1298
u58,p1298
u19,p1298
u58,p1301
u19,p1301
u69,p1301
u19,p1305
u10,p1305
u58,p1305
u58,p1308
u58,p1309
u58,p1312
u8,p1312
u58,p1318
u58,p1320
u80,p1321
u10,p1321
u58,p1321
u17,p1321
u58,p1329
u58,p1332
u58,p1333
u10,p1334
u58,p1334
u47,p1334
u19,p1334
u52,p1334
u11,p1334
u57,p1334
u7,p1334
u74,p1334
u58,p1342
u80,p1342
u58,p1345
u58,p1357
u58,p1358
u47,p1358
u58,p1362
u53,p1362
u10,p1362
u80,p1362
u58,p1365
u58,p1369
u93,p1372
u58,p1372
u89,p1372
u52,p1372
u58,p1373
u7,p1373
u86,p1376
u58,p1376
u58,p1381
u58,p1382
u58,p1386
u58,p1390
u58,p1395
u58,p1398
u80,p1406
u58,p1406
u58,p1409
u58,p1411
u58,p1416
u63,p1416
u58,p1418
u58,p1424
u58,p1431
u10,p1432
u58,p1432
u80,p1432
u7,p1432
u19,p1432
u58,p1433
u47,p1434
u58,p1434
u7,p1434
u63,p1434
u54,p1434
u58,p1438
u58,p1448
u52,p1449
u58,p1449
u58,p1451
u58,p1452
u58,p1453
u52,p1454
u57,p1465
u58,p1465
u58,p1473
u58,p1483
u52,p1486
u47,p1486
u73,p1486
u58,p1486
u2,p1486
u58,p1490
u52,p1490
u58,p1502
u58,p1507
u58,p1508
u58,p1510
u58,p1525
u58,p1528
u58,p1529
u58,p1530
u20,p1530
u58,p1533
u58,p1535
u54,p1535
u63,p1537
u58,p1537
u58,p1540
u17,p1540
u58,p1552
u47,p1554
u58,p1554
u58,p1557
u28,p1562
u57,p1562
u51,p1562
u58,p1563
u8,p1565
u7,p1565
u47,p1565
u58,p1565
u52,p1566
u56,p1566
u47,p1566
u86,p1566
u10,p1566
u70,p1566
u61,p1566
u80,p1566
u63,p1566
u58,p1566
u58,p1568
u89,p1577
u89,p1580
u58,p1583
u58,p1586
u19,p1589
u58,p1589
u58,p1592
u89,p1593
u58,p1596
u58,p1611
u58,p1615
u89,p1617
u58,p1618
u58,p1620
u58,p1622
u58,p1623
u52,p1631
u89,p1636
u53,p1637
u58,p1637
u89,p1642
u58,p1646
u63,p1646
u47,p1648
u73,p1648
u58,p1648
u58,p1649
u58,p1650
u93,p1650
u47,p1650
u58,p1654
u58,p1657
u58,p1659
u58,p1664
u19,p1664
u58,p1668
u58,p1674
u58,p1675
u58,p1677
u10,p1678
u9,p1678
u7,p1678
u20,p1678
u47,p1678
u58,p1678
u11,p1678
u58,p1680
u58,p1686
u58,p1687
u58,p1691
u58,p1693
u58,p1694
u58,p1697
u63,p1707
u61,p1707
u14,p1707
u19,p1707
u8,p1707
u9,p1707
u58,p1707
u54,p1707
u47,p1707
u58,p1713
u57,p1713
u58,p1714
u49,p1717
u60,p1717
u57,p1717
u58,p1717
u58,p1729
u58,p1730
u58,p1731
u80,p1731
u58,p1734
u10,p1740
u54,p1740
u58,p1740
u58,p1742
u58,p1749
u58,p1750
u58,p1758
u58,p1768
u36,p1768
u47,p1768
u58,p1769
u73,p1769
u58,p1771
u58,p1773
u58,p1775
u58,p1779
u47,p1779
u58,p1781
u58,p1786
u58,p1797
u58,p1799
u58,p1807
u26,p1809
u58,p1809
u8,p1809
u58,p1824
u58,p1834
u58,p1842
u22,p1844
u58,p1847
u58,p1850
u80,p1852
u7,p1852
u58,p1852
u63,p1852
u10,p1852
u58,p1856
u58,p1858
u58,p1860
u58,p1863
u58,p1868
u19,p1871
u58,p1871
u37,p1881
u58,p1881
u58,p1882
u58,p1884
u58,p1887
u58,p1891
u52,p1891
u58,p1895
u2,p1896
u58,p1896
u58,p1903
u58,p1904
u58,p1911
u58,p1914
u51,p1914
u58,p1919
u61,p1920
u47,p1920
u17,p1920
u53,p1920
