uuser,pproject
u4,p1
u1,p1
u2,p1
u24,p3
u28,p5
u32,p6
u31,p6
u28,p6
u43,p6
u30,p6
u66,p9
u67,p10
u70,p12
u72,p13
u85,p14
u73,p14
u74,p15
u75,p16
u76,p17
u71,p18
u78,p19
u80,p20
u86,p23
u88,p24
u87,p25
u90,p26
u89,p27
u67,p94
u67,p124
u78,p337
u77,p587
u84,p587
u81,p587
u79,p587
u78,p742
u31,p1060
u45,p1562
u28,p1562
u64,p1562
u19,p2093
u92,p2093
u35,p2497
u27,p2634
u84,p3768
u80,p4205
u47,p5520
u84,p6428
u2,p6923
u61,p7228
u11,p7839
u5,p7894
u24,p8127
u64,p8421
u31,p9
u78,p9877
u28,p10
u81,p11
u5,p12
u89,p12558
u27,p12615
u31,p14073
u89,p20363
u4,p21280
u27,p21468
u45,p22053
u9,p5
u84,p22158
u77,p22158
u81,p22
u79,p23
u81,p23
u84,p236
u77,p23
u27,p246
u79,p251
u81,p251
u77,p251
u84,p25133
u79,p5
u84,p25417
u81,p25417
u77,p25417
u2,p25532
u45,p27014
u80,p27179
u5,p27584
u79,p27595
u27,p28531
u2,p28923
u15,p5
u30,p31759
u77,p35161
u84,p5
u81,p36089
u79,p36089
u77,p36089
u5,p38713
u81,p39750
u67,p40724
u11,p43199
u1,p1
u2,p1
u3,p6
u4,p3
u5,p4
u1,p1
u6,p1
u2,p5
u6,p6
u4,p5
u5,p4
u1,p1
u6,p1
u2,p5
u1,p2
u2,p1
u3,p6
u4,p3
u5,p4
u1,p1
u3,p6
u4,p4
u5,p2
u7,p9
u1,p5
u1,p5
u11,p5
u2,p1
u6,p1
u4,p1
u1,p2
u4,p2
u7,p2
u13,p2
u6,p2
u6,p4
u2,p4
u1,p4
u2,p6
u4,p6
u2,p7
u2,p12
u2,p13
u7,p113
u19,p129
u7,p129
u10,p129
u7,p142
u2,p150
u2,p269
u2,p302
u9,p303
u2,p307
u2,p348
u4,p348
u2,p391
u2,p392
u10,p465
u2,p485
u10,p784
u10,p856
u10,p963
u10,p992
u1o,p5
u9,p5
u7,p5
u13,p5
u8,p4
u9,p1
u12,p2
u14,p3
u29,p4
u13,p5
